<?xml version="1.0" encoding="UTF-8" standalone="yes"?>
<addon id="repository.louis" name="Louis Repository" version="1.0.0" provider-name="Louis">
	<requires>
		<import addon="xbmc.addon" version="12.0.0"/>
	</requires>
	<extension point="xbmc.addon.repository" name="Louis Repo">
		<dir>
			<info>https://raw.githubusercontent.com/louisbraun/repoaddons/master/addons.xml</info>
			<checksum>https://raw.githubusercontent.com/louisbraun/repoaddons/master/addons.xml.md5</checksum>
			<datadir>https://github.com/louisbraun/repoaddons/raw/master/addons</datadir>
		</dir>
	</extension>
	<extension point="xbmc.addon.metadata">
		<summary>Louis Kodi repository</summary>
		<description>Home of the Unfussy skin</description>
		<disclaimer></disclaimer>
		<platform>all</platform>
		<assets>
			<icon></icon>
			<fanart></fanart>
		</assets>
	</extension>
</addon>
